﻿<parameters>
  <parameter name="IIS Web Application Name" defaultValue="Web_junggla_deploy" tags="IisApp">
    <parameterEntry kind="ProviderPath" scope="AppHostConfig" match="^Web_junggla$" />
    <parameterEntry kind="ProviderPath" scope="contentPath" match="^C:\\Users\\robinson\\Desktop\\Proyecto\ \ Junggla\\Proyecto\\Web_junggla\\Web_junggla\\obj\\Debug\\Package\\PackageTmp$" />
    <parameterEntry kind="ProviderPath" scope="setAcl" match="^C:\\Users\\robinson\\Desktop\\Proyecto\ \ Junggla\\Proyecto\\Web_junggla\\Web_junggla\\obj\\Debug\\Package\\PackageTmp$" />
  </parameter>
  <parameter name="IIS Web Application Pool Name" defaultValue="ASP.NET v4.0">
    <parameterEntry kind="DeploymentObjectAttribute" scope="application" match="application[@applicationPool='Clr4IntegratedAppPool']/@applicationPool" />
  </parameter>
  <parameter name="IisVirtualDirectoryPhysicalPath" defaultValue="C:\Users\robinson\Desktop\Proyecto  Junggla\Proyecto\Web_junggla\Web_junggla_deploy" tags="PhysicalPath">
    <parameterEntry kind="DestinationVirtualDirectory" scope=".*" match="^C:\\Users\\robinson\\Desktop\\Proyecto\ \ Junggla\\Proyecto\\Web_junggla\\Web_junggla$" />
  </parameter>
  <parameter name="SiteSqlServer-Web.config Connection String" description="SiteSqlServer Connection String used in web.config by the application to access the database." defaultValue="Data Source=db432717052.db.1and1.com,1433;Initial Catalog=db432717052;User Id=dbo432717052;Password=dolphin45;" tags="SqlConnectionString">
    <parameterEntry kind="XmlFile" scope="C:\\Users\\robinson\\Desktop\\Proyecto\ \ Junggla\\Proyecto\\Web_junggla\\Web_junggla\\obj\\Debug\\Package\\PackageTmp\\Web\.config$" match="/configuration/connectionStrings/add[@name='SiteSqlServer']/@connectionString" />
  </parameter>
</parameters>